id,first_name,last_name,gender,email,phone,date_of_birth,photo
1,Evelyn,Hurdle,Female,ehurdle1@blogs.com,+502 338 858 2369,18/9/1991,https://robohash.org/etexlibero.bmp?size=50x50&set=set1
2,Aranka,Loynes,Female,aloyneso@who.int,+86 301 918 6347,21/6/1976,https://robohash.org/natusnamut.bmp?size=50x50&set=set1
3,Floris,Straffon,Male,fstraffon2@diigo.com,+7 916 337 9914,17/9/1973,https://robohash.org/quoetexpedita.jpg?size=50x50&set=set1
4,Hector,Brownlea,Male,hbrownleah@drupal.org,+962 245 844 3688,3/2/1984,https://robohash.org/quideserunteaque.jpg?size=50x50&set=set1
5,Martina,Sans,Female,msans5@dmoz.org,+598 412 975 7830,24/7/1963,https://robohash.org/voluptatumhicaut.png?size=50x50&set=set1
6,Maurits,Meany,Male,mmeanyn@answers.com,+86 981 255 5135,8/8/1980,https://robohash.org/veniamofficiisut.png?size=50x50&set=set1
7,Rahima,Fishburn,Female,rfishburn7@google.co.uk,+46 174 212 0119,24/7/1976,https://robohash.org/nonautemamet.jpg?size=50x50&set=set1
8,Sandra,Petren,Female,spetren8@artisteer.com,+7 290 172 1096,30/9/1986,https://robohash.org/eiuslaboriosamconsequatur.bmp?size=50x50&set=set1
9,Wietske,Haibel,Female,whaibela@smh.com.au,+993 543 264 8329,14/5/1967,https://robohash.org/autrationevelit.bmp?size=50x50&set=set1
10,Storm,McDoual,Male,smcdoual9@xinhuanet.com,+62 812 411 6218,18/8/1968,https://robohash.org/etevenietdoloremque.jpg?size=50x50&set=set1